Dataset,Config,Runs,Feasible_Rate_Percent,Feasible_CI95_Low,Feasible_CI95_High,Zero_Fitness_Rate_Percent,Avg_Fitness,Median_Fitness,Min_Fitness,Max_Fitness,Std_Fitness,Avg_Soft_Feasible,Avg_Gen_To_Feasible,Avg_Evals_To_Feasible,Avg_Evals_To_Zero,Max_Evals
Small,Greedy,1,100.0,20.7,100.0,0.0,20.00,20.00,20.00,20.00,0.00,20.0,N/A,1,N/A,1
Small,Greedy_multistart,20,100.0,83.9,100.0,100.0,0.00,0.00,0.00,0.00,0.00,0.0,N/A,1,6,6000
Small,Config_A,20,100.0,83.9,100.0,100.0,0.00,0.00,0.00,0.00,0.00,0.0,2.0,80,96,6000
Small,Config_B,20,100.0,83.9,100.0,100.0,0.00,0.00,0.00,0.00,0.00,0.0,1.6,99,129,6000
Small,Config_C,20,100.0,83.9,100.0,100.0,0.00,0.00,0.00,0.00,0.00,0.0,1.2,125,190,6000
Small,Config_D,20,100.0,83.9,100.0,100.0,0.00,0.00,0.00,0.00,0.00,0.0,2.9,58,82,6000
Small,Config_E,20,100.0,83.9,100.0,100.0,0.00,0.00,0.00,0.00,0.00,0.0,1.6,62,66,6000
Small,Config_F,20,100.0,83.9,100.0,100.0,0.00,0.00,0.00,0.00,0.00,0.0,1.0,40,46,6000
Medium,Greedy,1,100.0,20.7,100.0,0.0,75.00,75.00,75.00,75.00,0.00,75.0,N/A,1,N/A,1
Medium,Greedy_multistart,20,100.0,83.9,100.0,100.0,0.00,0.00,0.00,0.00,0.00,0.0,N/A,1,2667,6000
Medium,Config_A,20,100.0,83.9,100.0,100.0,0.00,0.00,0.00,0.00,0.00,0.0,41.4,1656,1948,6000
Medium,Config_B,20,35.0,18.1,56.7,10.0,866.00,1005.00,0.00,2015.00,722.57,19.3,74.1,4449,5790,6000
Medium,Config_C,20,100.0,83.9,100.0,100.0,0.00,0.00,0.00,0.00,0.00,0.0,23.4,2340,3040,6000
Medium,Config_D,20,0.0,0.0,16.1,0.0,4901.25,5037.50,2055.00,6075.00,846.82,N/A,N/A,N/A,N/A,6000
Medium,Config_E,20,100.0,83.9,100.0,100.0,0.00,0.00,0.00,0.00,0.00,0.0,2.0,80,250,6000
Medium,Config_F,20,100.0,83.9,100.0,100.0,0.00,0.00,0.00,0.00,0.00,0.0,1.0,40,218,6000
Dense,Greedy,1,100.0,20.7,100.0,0.0,200.00,200.00,200.00,200.00,0.00,200.0,N/A,1,N/A,1
Dense,Greedy_multistart,20,100.0,83.9,100.0,0.0,76.75,80.00,60.00,85.00,5.97,76.8,N/A,1,N/A,6000
Dense,Config_A,20,90.0,69.9,97.2,0.0,129.50,35.00,10.00,1020.00,293.98,31.7,85.7,3429,N/A,6000
Dense,Config_B,20,0.0,0.0,16.1,0.0,10174.25,11090.00,6125.00,13120.00,1658.22,N/A,N/A,N/A,N/A,6000
Dense,Config_C,20,15.0,5.2,36.0,0.0,1611.25,1595.00,95.00,3165.00,919.70,120.0,58.0,5800,N/A,6000
Dense,Config_D,20,0.0,0.0,16.1,0.0,17290.50,17177.50,14140.00,19125.00,1227.93,N/A,N/A,N/A,N/A,6000
Dense,Config_E,20,100.0,83.9,100.0,100.0,0.00,0.00,0.00,0.00,0.00,0.0,2.0,80,1982,6000
Dense,Config_F,20,100.0,83.9,100.0,100.0,0.00,0.00,0.00,0.00,0.00,0.0,1.0,40,2154,6000
