Evals,GA_Mean,GA_Median,GDmulti_Mean,GDmulti_Median
1000,4.5298,3.6150,,
2000,0.9761,0.3124,111.3318,113.3061
3000,0.2336,0.0624,91.2468,93.2187
4000,0.1570,0.0274,88.2545,93.2187
5000,0.1421,0.0126,86.9294,93.2187
6000,0.0154,0.0082,86.9294,93.2187
7000,0.0121,0.0076,83.3856,91.1826
8000,0.0073,0.0035,80.3176,86.2856
9000,0.0043,0.0023,80.0709,84.8777
10000,0.0021,0.0019,78.8419,83.2882
11000,0.0016,0.0013,76.3785,78.8209
12000,0.0013,0.0012,76.3785,78.8209
13000,0.0009,0.0009,75.8739,78.8209
14000,0.0006,0.0005,75.6332,78.8209
15000,0.0005,0.0004,72.8354,73.8092
16000,0.0003,0.0003,72.4651,73.8092
17000,0.0002,0.0002,71.8690,73.8092
18000,0.0002,0.0002,71.8690,73.8092
19000,0.0002,0.0001,71.5679,73.8092
20000,0.0001,0.0001,69.9956,69.9209
