Method,Parameter,Value,Success_Rate_Percent,Mean_f,Median_f,Avg_Evals_To_Success
GA,mutation_rate,0.05,100.0,0.0000,0.0000,2405
GA,mutation_rate,0.1,100.0,0.0000,0.0000,2648
GA,mutation_rate,0.2,100.0,0.0001,0.0001,3018
GA,mutation_rate,0.4,100.0,0.0073,0.0073,11865
GA,mutation_rate,0.6,90.0,0.4056,0.0254,17053
GA,pop_size,20,100.0,0.0000,0.0000,2156
GA,pop_size,50,100.0,0.0001,0.0001,3018
GA,pop_size,100,100.0,0.0006,0.0005,5040
GA,pop_size,200,100.0,0.0029,0.0027,7740
GA,crossover_rate,0.3,100.0,0.0000,0.0000,3790
GA,crossover_rate,0.6,100.0,0.0001,0.0000,3190
GA,crossover_rate,0.9,100.0,0.0001,0.0001,3018
GD_multistart,lr,0.0005,0.0,29.1106,28.0544,N/A
GD_multistart,lr,0.001,0.0,29.1106,28.0544,N/A
GD_multistart,lr,0.005,0.0,31.1058,29.4199,N/A
GD_multistart,lr,0.01,0.0,68.8362,71.6507,N/A
GD_multistart,lr,0.05,0.0,134.0256,131.6834,N/A
GD_multistart,lr,0.1,0.0,133.4085,128.5178,N/A
