Parameter,Value,Runs,Feasible_Rate_Percent,Feasible_CI95_Low,Feasible_CI95_High,Zero_Fitness_Rate_Percent,Avg_Fitness,Median_Fitness,Min_Fitness,Max_Fitness,Std_Fitness,Avg_Soft_Feasible,Avg_Gen_To_Feasible,Avg_Evals_To_Feasible,Avg_Evals_To_Zero,Max_Evals
mutation_rate,0.005,30,46.7,30.2,63.9,13.3,985.67,1000.00,0.00,4025.00,1202.41,17.1,101.4,4054,4810,6000
mutation_rate,0.01,30,70.0,52.1,83.3,20.0,380.17,25.00,0.00,2010.00,600.69,16.2,97.8,3910,5427,6000
mutation_rate,0.02,30,93.3,78.7,98.2,56.7,73.67,0.00,0.00,1010.00,250.46,6.8,87.4,3497,4951,6000
mutation_rate,0.03,30,86.7,70.3,94.7,46.7,140.00,10.00,0.00,1025.00,340.84,6.3,83.1,3323,5023,6000
mutation_rate,0.05,30,80.0,62.7,90.5,0.0,271.83,40.00,10.00,2015.00,491.00,40.6,103.7,4148,N/A,6000
mutation_rate,0.08,30,16.7,7.3,33.6,0.0,1271.50,1075.00,10.00,3105.00,836.64,58.0,104.0,4160,N/A,6000
mutation_rate,0.1,30,3.3,0.6,16.7,0.0,2624.33,2592.50,150.00,5090.00,1139.13,150.0,134.0,5360,N/A,6000
mutation_rate,0.2,30,0.0,0.0,11.4,0.0,7762.00,7627.50,6095.00,10120.00,1163.40,N/A,N/A,N/A,N/A,6000
pop_size,20,30,96.7,83.3,99.4,26.7,50.33,15.00,0.00,1040.00,184.34,16.2,153.5,3070,4642,6000
pop_size,40,30,80.0,62.7,90.5,0.0,271.83,40.00,10.00,2015.00,491.00,40.6,103.7,4148,N/A,6000
pop_size,80,30,66.7,48.8,80.8,0.0,467.50,87.50,25.00,2055.00,606.26,70.8,62.3,4984,N/A,6000
pop_size,160,30,0.0,0.0,11.4,0.0,2540.17,2150.00,1045.00,4105.00,875.70,N/A,N/A,N/A,N/A,5920
crossover_rate,0.3,30,56.7,39.2,72.6,3.3,575.83,75.00,0.00,2070.00,667.83,45.3,107.9,4315,5920,6000
crossover_rate,0.6,30,73.3,55.6,85.8,0.0,333.67,37.50,10.00,2010.00,522.97,35.0,104.3,4171,N/A,6000
crossover_rate,0.9,30,86.7,70.3,94.7,6.7,162.50,35.00,0.00,1065.00,339.20,29.6,89.1,3565,5180,6000
elite_count,0,30,10.0,3.5,25.6,0.0,1537.83,1157.50,90.00,4065.00,836.06,130.0,113.3,4533,N/A,6000
elite_count,1,30,76.7,59.1,88.2,0.0,275.67,45.00,20.00,1065.00,420.43,43.9,98.5,3939,N/A,6000
elite_count,2,30,80.0,62.7,90.5,0.0,271.83,40.00,10.00,2015.00,491.00,40.6,103.7,4148,N/A,6000
elite_count,5,30,90.0,74.4,96.5,16.7,118.50,20.00,0.00,1060.00,300.91,18.3,93.9,3754,5344,6000
elite_count,10,30,93.3,78.7,98.2,26.7,84.67,17.50,0.00,1030.00,249.20,18.2,89.2,3569,5260,6000
repair_prob,0,30,80.0,62.7,90.5,0.0,271.83,40.00,10.00,2015.00,491.00,40.6,103.7,4148,N/A,6000
repair_prob,0.1,30,100.0,88.6,100.0,93.3,0.67,0.00,0.00,10.00,2.49,0.7,2.0,80,2713,6000
repair_prob,0.3,30,100.0,88.6,100.0,100.0,0.00,0.00,0.00,0.00,0.00,0.0,2.0,80,1895,6000
repair_prob,0.6,30,100.0,88.6,100.0,100.0,0.00,0.00,0.00,0.00,0.00,0.0,2.0,80,1093,6000
repair_prob,1,30,100.0,88.6,100.0,100.0,0.00,0.00,0.00,0.00,0.00,0.0,2.0,80,701,6000
